{"cameraMode":{"drawMode":0,"name":"Shaded","section":"Shading Mode"},"sceneLighting":false,"audioPlay":false,"sceneViewState":{"showFog":true,"showMaterialUpdate":false,"showSkybox":false,"showFlares":true,"showImageEffects":true,"showParticleSystems":true},"in2DMode":false,"pivot":{"x":-0.6100000143051148,"y":1.0950000286102296,"z":-2.1070001125335695},"rotation":{"x":-0.06324827671051026,"y":0.02454525977373123,"z":-0.0015560105675831438,"w":-0.9976949095726013},"size":0.904091477394104,"orthographic":false}